"","x"
"1","Dio2"
"2","Gpr153"
"3","Tcirg1"
"4","Chsy1"
"5","St8sia4"
"6","AI597468"
"7","Nrep"
"8","Cthrc1"
"9","Dysf"
"10","Mest"
"11","Adamts2"
"12","Slc37a2"
"13","Pdia5"
"14","Procr"
"15","Col2a1"
"16","Kbtbd11"
"17","Zfp354c"
"18","Ppm1h"
"19","Myc"
"20","Mmp10"
"21","Adamts4"
"22","Slc16a1"
"23","Nfkbiz"
"24","Pdgfc"
"25","Snx10"
"26","Sprr2a1"
"27","Fkbp14"
"28","Mmp2"
"29","Apold1"
"30","Col8a1"
"31","Runx2"
"32","Hapln1"
"33","Adamts1"
"34","Adamts9"
"35","C1qtnf3"
"36","Alpl"
"37","Bgn"
"38","Pcolce"
"39","Mxra8"
"40","Ibsp"
"41","Nos2"
"42","Il1b"
"43","Lif"
"44","Emilin1"
"45","Atp6v0d2"
"46","Spi1"
"47","Cd84"
"48","Ckb"
"49","Csf3r"
"50","Kif26b"
"51","Plxnd1"
"52","Hk2"
"53","Dclk1"
"54","Pde3b"
"55","Specc1"
"56","Mmp3"
"57","Fn1"
"58","Tm4sf19"
"59","Il6"
"60","4930523C07Rik"
"61","Ccl9"
"62","Spink12"
"63","Cdk14"
"64","Syk"
"65","Loxl2"
"66","Col11a2"
"67","Clec4d"
"68","Bmp1"
"69","Sec24d"
"70","Krt17"
"71","Svep1"
"72","Adamts12"
"73","Bcat1"
"74","Peg3"
"75","Trem1"
"76","Mdk"
"77","Lyg1"
"78","Sp7"
"79","Col4a1"
"80","Rac2"
"81","Ptgs2"
"82","Sprr2e"
"83","Lum"
"84","Matn3"
"85","Col3a1"
"86","Pla2g7"
"87","Oaf"
"88","Ccl2"
"89","Fcer1g"
"90","Pmepa1"
"91","P4ha3"
"92","Cdh5"
"93","Stc1"
"94","Clec2e"
"95","1600029D21Rik"
"96","Wif1"
"97","Chi3l1"
"98","Pofut2"
"99","B3gnt9"
"100","Sele"
"101","Plat"
"102","Bach1"
"103","Matk"
"104","Pik3cd"
"105","Myo7a"
"106","Sfrp4"
"107","Ltbp2"
"108","Ptpla"
"109","Pmaip1"
"110","Col27a1"
"111","Ptx3"
"112","Peg10"
"113","Srpx"
"114","Nckap1l"
"115","Sec23a"
"116","Urah"
"117","Artn"
"118","Dusp4"
"119","Bcl3"
"120","Rcn3"
"121","Ndufb2"
"122","Acp5"
"123","Piezo1"
"124","H2-Eb1"
"125","Nek6"
"126","Skap2"
"127","Adssl1"
"128","Prkg2"
"129","Gnptab"
"130","F5"
"131","Col11a1"
"132","Mmp12"
"133","P4ha1"
"134","Glis2"
"135","Tgfb3"
"136","Selp"
"137","Itgbl1"
"138","Glipr2"
"139","Icam1"
"140","Mfap4"
"141","Cd63"
"142","P4ha2"
"143","Ms4a6d"
"144","B4galt5"
"145","Clec12a"
"146","Cxcl1"
"147","Fat4"
"148","Adamts3"
"149","C1qtnf6"
"150","Aebp1"
"151","Samhd1"
"152","Col9a1"
"153","Leprel2"
"154","Mmp23"
"155","Fstl1"
"156","Ckap4"
"157","Akap6"
"158","Pstpip1"
"159","Col12a1"
"160","Gusb"
"161","Spp1"
"162","Cxcr4"
"163","Col5a2"
"164","Sh3pxd2b"
"165","Sprr2d"
"166","Csf1r"
"167","Ptprc"
"168","Serpine2"
"169","Nrp2"
"170","Cgref1"
"171","Scarf2"
"172","Gpm6b"
"173","Il13ra1"
"174","Ppic"
"175","Clec11a"
"176","Mfap2"
"177","Cyp4v3"
"178","Nid1"
"179","Inhba"
"180","Ftl1"
"181","Ifitm3"
"182","Igfbp4"
"183","Il1rl1"
"184","Csrp2"
"185","Uox"
"186","Pi15"
"187","Mpeg1"
"188","Timp1"
"189","Bdkrb1"
"190","Gda"
"191","Ctsc"
"192","Per2"
"193","Cd14"
"194","Chst11"
"195","Acan"
"196","Tmem45b"
"197","C1qtnf5"
"198","Fbln2"
"199","Edil3"
"200","S100a8"
"201","Dcstamp"
"202","Nrg1"
"203","Rufy4"
"204","Itgb3"
"205","Gpc1"
"206","Jdp2"
"207","Tnn"
"208","Krt6b"
"209","Epb4.1l3"
"210","Cxcl2"
"211","Fam114a1"
"212","Itga11"
"213","Pxdn"
"214","Maged1"
"215","Wnt2b"
"216","BC100530"
"217","Pth1r"
"218","Krt6a"
"219","Timp2"
"220","Lepre1"
"221","Il4ra"
"222","Srgn"
"223","Cyth4"
"224","S100a9"
"225","Rnf122"
"226","Crispld2"
"227","Armcx2"
"228","Slpi"
"229","Mmp14"
"230","Gpr171"
"231","Lsp1"
"232","Adam12"
"233","Sbno2"
"234","Col6a2"
"235","Calu"
"236","Col8a2"
"237","Ccng1"
"238","Clec4e"
"239","Galnt10"
"240","Col9a2"
"241","Tmem176a"
"242","Tiparp"
"243","Nfatc1"
"244","Clec4n"
"245","Slfn4"
"246","St6galnac5"
"247","Slc39a14"
"248","Sulf1"
"249","Olfml2b"
"250","Plod2"
"251","Chrdl1"
"252","Slc16a3"
"253","Tmsb10"
"254","Pcsk5"
"255","Adamts18"
"256","Fam198b"
"257","Tgfbr1"
"258","Trp53inp1"
"259","Apln"
"260","Lipa"
"261","Smim3"
"262","Plcb2"
"263","Lcp2"
"264","Tgfbi"
"265","Gpr137b"
"266","Pdgfrl"
"267","Cxcl14"
"268","Rab31"
"269","Lamtor5"
"270","Phospho1"
"271","Arfgap3"
"272","Fam46a"
"273","Acsl4"
"274","Krt16"
"275","Cdh11"
"276","Ctsz"
"277","Spon1"
"278","Tnfrsf9"
"279","Itgb2"
"280","Xpr1"
"281","Itm2a"
"282","Prss35"
"283","Irg1"
"284","Col6a3"
"285","Lox"
"286","Sorcs2"
"287","Fbn2"
"288","Cbr2"
"289","Col16a1"
"290","Fst"
"291","Fscn1"
"292","Tgfb1"
"293","Fndc1"
"294","Lgals1"
"295","Pik3ap1"
"296","Has2"
"297","Serpinh1"
"298","Gsap"
"299","Grb10"
"300","Ccr5"
"301","Wisp1"
"302","Tmem258"
"303","Rnf144a"
"304","Lhfpl2"
"305","Sec61g"
"306","Ccl4"
"307","Lcp1"
"308","Tnfaip6"
"309","Tmc7"
"310","Adrbk2"
"311","Shc2"
"312","Tnfrsf23"
"313","Igsf6"
"314","Cpxm1"
"315","Fkbp10"
"316","Plekhg4"
"317","Notch4"
"318","Capn6"
"319","Igdcc4"
"320","Sgms2"
"321","Galnt5"
"322","H2-Aa"
"323","Tspan2"
"324","Srpx2"
"325","Prss12"
"326","Csf2rb"
"327","Cdo1"
"328","Arap3"
"329","Sdc3"
"330","Mettl7a3"
"331","Vash2"
"332","Ly75"
"333","Col23a1"
"334","Lrg1"
"335","Slc13a3"
"336","Thbs2"
"337","Bnc1"
"338","Spock1"
"339","Saa3"
"340","Abcb4"
"341","Ccl7"
"342","Aldh1l2"
"343","Slc9b2"
"344","Krtap13"
"345","Mmp19"
"346","Ccr1"
"347","Kcne4"
"348","Tmem119"
"349","Samd4"
"350","Col5a1"
"351","Fhod1"
"352","Tmprss11g"
"353","Mmp13"
"354","Tnc"
"355","Lcn2"
"356","Vcam1"
"357","Cd244"
"358","Megf6"
"359","Col6a1"
"360","Cd274"
"361","Cdh2"
"362","Masp1"
"363","Rnd1"
"364","Cxcl5"
"365","Ptges"
"366","Gsdmc"
"367","Mmp9"
"368","Ctsk"
"369","Serpine1"
"370","Postn"
"371","Fmod"
"372","Rbp1"
"373","Clec4a2"
"374","Eva1b"
"375","Snai1"
"376","Nid2"
"377","Cfb"
"378","Efemp2"
"379","Steap1"
"380","Creb3l1"
"381","Hdc"
"382","Col1a1"
"383","Angptl4"
"384","Nfatc4"
"385","Oscar"
"386","Kdelr2"
"387","Hoxd13"
"388","Pde4b"
"389","Bcl6b"
"390","Car9"
"391","Col4a2"
"392","Pdpn"
"393","Gja5"
"394","Fkbp11"
"395","Snx7"
"396","Plaur"
"397","Vash1"
"398","Slc13a5"
"399","Lat2"
"400","Sh2d5"
"401","Mdga1"
"402","Serpina3n"
"403","Emb"
"404","Cd300lf"
"405","Egln3"
"406","Col1a2"
"407","Mt3"
"408","Sh3bp2"
"409","Dkk3"
"410","Gsr"
"411","Slc41a2"
"412","Tnfsf11"
"413","Nmb"
"414","Dact1"
"415","Basp1"
"416","Cercam"
"417","Arsb"
"418","Sparc"
